stdno,mark,lost_marks_reason
bs026,8,Technology is not specifically named as a single project; it's a general description of autonomous robots/vehicles.; Explanation is good but lacks specific details about a particular implementation.
bs075,7,Technology is identified but explanation is somewhat basic and lacks depth.; Minor missing details in functionality explanation.; Some components mentioned but roles not fully explained.
bs163,9,"Minor missing details in functionality explanation, e.g., how the two-way mirror works optically."
bs091,9,"Minor missing details in functionality explanation, e.g., how the AI model is run (on-device vs cloud)."
bs099,9,"The answer is slightly lengthy and could be more concise, losing 1 mark for organization and presentation."
bs123,10,
bs125,7,Explanation of functionality is basic with limited detail (loses 1 mark).; Technical components are mentioned but not explained in detail (loses 1 mark).; Applications are mentioned briefly without depth (loses 1 mark).
ps088,2,No specific technology project identified (loses 2 marks).; No explanation of a complete system functionality (loses 3 marks).; Components listed without context of a project (loses 2 marks).; No practical applications mentioned (loses 2 marks).; Poor organization and presentation (loses 1 mark).
ps120,4,Technology identification is unclear and shifts from a smart doorbell to a stratosphere project without clear focus.; Explanation of functionality is very brief and lacks detailed understanding of how the technology works.; Technical components are listed but their roles are not explained in context of the project.; No real-world applications or benefits are mentioned.; Answer is poorly organized and jumps between unrelated ideas.
ps128,9,"Minor missing details in the explanation of functionality, such as specific algorithms or sensor integration for precision."
